{"am":{"count":3,"accuratePredictions":3,"accuracy":1},"an":{"count":4,"accuratePredictions":2,"accuracy":0.5},"as":{"count":960,"accuratePredictions":829,"accuracy":0.8635416666666667},"ba":{"count":120,"accuratePredictions":114,"accuracy":0.95},"af":{"count":1632,"accuratePredictions":1286,"accuracy":0.7879901960784313},"bn":{"count":1164,"accuratePredictions":1164,"accuracy":1},"bo":{"count":20,"accuratePredictions":20,"accuracy":1},"bs":{"count":139,"accuratePredictions":5,"accuracy":0.03597122302158273},"br":{"count":2451,"accuratePredictions":2339,"accuracy":0.9543043655650755},"be":{"count":6253,"accuratePredictions":6019,"accuracy":0.9625779625779626},"ar":{"count":8761,"accuratePredictions":8742,"accuracy":0.9978312977970552},"ca":{"count":4725,"accuratePredictions":4174,"accuracy":0.8833862433862434},"ce":{"count":7,"accuratePredictions":5,"accuracy":0.7142857142857143},"cv":{"count":460,"accuratePredictions":439,"accuracy":0.9543478260869566},"zh":{"count":568,"accuratePredictions":568,"accuracy":1},"kw":{"count":426,"accuratePredictions":374,"accuracy":0.8779342723004695},"co":{"count":5,"accuratePredictions":1,"accuracy":0.2},"cy":{"count":619,"accuratePredictions":552,"accuracy":0.8917609046849758},"bg":{"count":11144,"accuratePredictions":10999,"accuracy":0.9869885139985642},"cs":{"count":10863,"accuratePredictions":10753,"accuracy":0.9898738838258307},"dv":{"count":15,"accuratePredictions":15,"accuracy":1},"da":{"count":15299,"accuratePredictions":14504,"accuracy":0.948035819334597},"el":{"count":12039,"accuratePredictions":12039,"accuracy":1},"de":{"count":22014,"accuratePredictions":22011,"accuracy":0.9998637230853094},"eu":{"count":2999,"accuratePredictions":2902,"accuracy":0.9676558852950984},"eo":{"count":17841,"accuratePredictions":17833,"accuracy":0.999551594641556},"en":{"count":22428,"accuratePredictions":22428,"accuracy":1},"fy":{"count":107,"accuratePredictions":71,"accuracy":0.6635514018691588},"gd":{"count":542,"accuratePredictions":486,"accuracy":0.8966789667896679},"ga":{"count":867,"accuratePredictions":786,"accuracy":0.9065743944636678},"gl":{"count":2618,"accuratePredictions":1516,"accuracy":0.5790679908326967},"gv":{"count":6,"accuratePredictions":0,"accuracy":0},"gu":{"count":57,"accuratePredictions":57,"accuracy":1},"ht":{"count":15,"accuratePredictions":1,"accuracy":0.06666666666666667},"fi":{"count":17406,"accuratePredictions":17390,"accuracy":0.9990807767436516},"hi":{"count":5362,"accuratePredictions":5360,"accuracy":0.999627004848937},"he":{"count":8616,"accuratePredictions":8616,"accuracy":1},"hr":{"count":2222,"accuratePredictions":1185,"accuracy":0.5333033303330333},"hy":{"count":518,"accuratePredictions":517,"accuracy":0.9980694980694981},"io":{"count":2905,"accuratePredictions":1396,"accuracy":0.48055077452667816},"ie":{"count":2007,"accuratePredictions":947,"accuracy":0.4718485301444943},"fr":{"count":23076,"accuratePredictions":23065,"accuracy":0.999523314265904},"id":{"count":9372,"accuratePredictions":8900,"accuracy":0.949637217242851},"hu":{"count":17942,"accuratePredictions":17936,"accuracy":0.9996655891204994},"is":{"count":6364,"accuratePredictions":6239,"accuracy":0.9803582652419862},"jv":{"count":260,"accuratePredictions":168,"accuracy":0.6461538461538462},"ja":{"count":2169,"accuratePredictions":2169,"accuracy":1},"ia":{"count":18782,"accuratePredictions":14088,"accuracy":0.7500798636992866},"kn":{"count":118,"accuratePredictions":118,"accuracy":1},"ka":{"count":1973,"accuratePredictions":1973,"accuracy":1},"kk":{"count":2232,"accuratePredictions":2188,"accuracy":0.9802867383512545},"km":{"count":379,"accuratePredictions":376,"accuracy":0.9920844327176781},"ky":{"count":66,"accuratePredictions":58,"accuracy":0.8787878787878788},"lo":{"count":70,"accuratePredictions":70,"accuracy":1},"ko":{"count":482,"accuratePredictions":482,"accuracy":1},"li":{"count":3,"accuratePredictions":1,"accuracy":0.3333333333333333},"it":{"count":18326,"accuratePredictions":18307,"accuracy":0.9989632216522972},"lb":{"count":217,"accuratePredictions":129,"accuracy":0.5944700460829493},"ml":{"count":517,"accuratePredictions":517,"accuracy":1},"la":{"count":11437,"accuratePredictions":10529,"accuracy":0.9206085511934948},"lt":{"count":13835,"accuratePredictions":13743,"accuracy":0.9933501987712324},"mt":{"count":52,"accuratePredictions":42,"accuracy":0.8076923076923077},"my":{"count":216,"accuratePredictions":216,"accuracy":1},"mr":{"count":10461,"accuratePredictions":10456,"accuracy":0.9995220342223496},"nn":{"count":657,"accuratePredictions":343,"accuracy":0.5220700152207002},"oc":{"count":2861,"accuratePredictions":2197,"accuracy":0.7679133170220203},"os":{"count":59,"accuratePredictions":58,"accuracy":0.9830508474576272},"pa":{"count":88,"accuratePredictions":88,"accuracy":1},"mk":{"count":14465,"accuratePredictions":14407,"accuracy":0.9959903214656066},"nl":{"count":19626,"accuratePredictions":19498,"accuracy":0.9934780393355752},"rm":{"count":16,"accuratePredictions":1,"accuracy":0.0625},"pl":{"count":17768,"accuratePredictions":17763,"accuracy":0.999718595227375},"pt":{"count":20174,"accuratePredictions":20039,"accuracy":0.9933082184990581},"sa":{"count":11,"accuratePredictions":8,"accuracy":0.7272727272727273},"si":{"count":9,"accuratePredictions":9,"accuracy":1},"ro":{"count":13560,"accuratePredictions":13406,"accuracy":0.9886430678466077},"sl":{"count":372,"accuratePredictions":252,"accuracy":0.6774193548387096},"so":{"count":32,"accuratePredictions":7,"accuracy":0.21875},"sk":{"count":4370,"accuratePredictions":3611,"accuracy":0.8263157894736842},"ru":{"count":17329,"accuratePredictions":17324,"accuracy":0.9997114663281205},"su":{"count":11,"accuratePredictions":2,"accuracy":0.18181818181818182},"sr":{"count":13494,"accuratePredictions":11456,"accuracy":0.8489699125537276},"ta":{"count":205,"accuratePredictions":205,"accuracy":1},"es":{"count":18227,"accuratePredictions":18193,"accuracy":0.998134635430954},"te":{"count":102,"accuratePredictions":102,"accuracy":1},"tg":{"count":30,"accuratePredictions":29,"accuracy":0.9666666666666667},"sv":{"count":12188,"accuratePredictions":12050,"accuracy":0.9886773875943551},"th":{"count":572,"accuratePredictions":572,"accuracy":1},"tt":{"count":8178,"accuratePredictions":7917,"accuracy":0.9680851063829787},"tk":{"count":3793,"accuratePredictions":2166,"accuracy":0.5710519377801213},"tl":{"count":10351,"accuratePredictions":10079,"accuracy":0.9737223456670853},"ug":{"count":3692,"accuratePredictions":3689,"accuracy":0.9991874322860238},"ur":{"count":963,"accuratePredictions":954,"accuracy":0.9906542056074766},"uk":{"count":14285,"accuratePredictions":14233,"accuracy":0.9963598179908996},"vo":{"count":806,"accuratePredictions":686,"accuracy":0.8511166253101737},"wa":{"count":16,"accuratePredictions":5,"accuracy":0.3125},"yo":{"count":5,"accuratePredictions":3,"accuracy":0.6},"vi":{"count":13000,"accuratePredictions":12995,"accuracy":0.9996153846153846},"tr":{"count":19919,"accuratePredictions":19911,"accuracy":0.9995983734123199}}